order_id,order_date,dispatch_date,expected_delivery_date,delivery_date,distance_km,customer_priority,warehouse_name,vehicle_type,product_type
1000,2025-01-01,2025-01-03,2025-01-05,2025-01-07,240,Economy,Delhi,Refrigerated,Home Goods
1001,2025-01-02,2025-01-04,2025-01-06,2025-01-09,302,Express,Delhi,Bike,Electronics
1002,2025-01-03,2025-01-05,2025-01-07,2025-01-07,1030,Standard,Bangalore,Bike,Electronics
1003,2025-01-04,2025-01-06,2025-01-08,2025-01-10,977,Standard,Delhi,Van,Electronics
1004,2025-01-05,2025-01-07,2025-01-09,2025-01-11,1234,Standard,Bangalore,Refrigerated,Electronics
1005,2025-01-06,2025-01-08,2025-01-10,2025-01-13,1329,Standard,Mumbai,Van,Books
1006,2025-01-07,2025-01-09,2025-01-11,2025-01-11,1396,Economy,Bangalore,Bike,Electronics
1007,2025-01-08,2025-01-10,2025-01-12,2025-01-12,177,Express,Bangalore,Van,Books
1008,2025-01-09,2025-01-11,2025-01-13,2025-01-15,67,Express,Chennai,Refrigerated,Books
1009,2025-01-10,2025-01-12,2025-01-14,2025-01-15,1866,Economy,Bangalore,Refrigerated,Electronics
1010,2025-01-11,2025-01-13,2025-01-15,2025-01-17,1808,Express,Bangalore,Refrigerated,Food
1011,2025-01-12,2025-01-14,2025-01-16,2025-01-18,615,Standard,Mumbai,Truck,Healthcare
1012,2025-01-13,2025-01-15,2025-01-17,2025-01-19,619,Express,Chennai,Van,Fashion
1013,2025-01-14,2025-01-16,2025-01-18,2025-01-20,1396,Standard,Kolkata,Bike,Books
1014,2025-01-15,2025-01-17,2025-01-19,2025-01-22,1945,Economy,Mumbai,Bike,Home Goods
1015,2025-01-16,2025-01-18,2025-01-20,2025-01-20,735,Express,Mumbai,Bike,Home Goods
1016,2025-01-17,2025-01-19,2025-01-21,2025-01-24,1865,Economy,Kolkata,Truck,Healthcare
1017,2025-01-18,2025-01-20,2025-01-22,2025-01-25,675,Express,Bangalore,Truck,Home Goods
1018,2025-01-19,2025-01-21,2025-01-23,2025-01-26,1361,Standard,Delhi,Refrigerated,Food
1019,2025-01-20,2025-01-22,2025-01-24,2025-01-26,903,Economy,Chennai,Bike,Home Goods
1020,2025-01-21,2025-01-23,2025-01-25,2025-01-26,1736,Express,Delhi,Truck,Fashion
1021,2025-01-22,2025-01-24,2025-01-26,2025-01-26,1011,Standard,Kolkata,Refrigerated,Fashion
1022,2025-01-23,2025-01-25,2025-01-27,2025-01-28,1712,Economy,Mumbai,Bike,Books
1023,2025-01-24,2025-01-26,2025-01-28,2025-01-31,204,Economy,Mumbai,Van,Electronics
1024,2025-01-25,2025-01-27,2025-01-29,2025-02-01,539,Express,Chennai,Refrigerated,Food
1025,2025-01-26,2025-01-28,2025-01-30,2025-01-31,1459,Express,Mumbai,Truck,Books
1026,2025-01-27,2025-01-29,2025-01-31,2025-02-01,834,Express,Mumbai,Truck,Food
1027,2025-01-28,2025-01-30,2025-02-01,2025-02-02,1177,Standard,Chennai,Refrigerated,Electronics
1028,2025-01-29,2025-01-31,2025-02-02,2025-02-05,1466,Express,Chennai,Refrigerated,Home Goods
1029,2025-01-30,2025-02-01,2025-02-03,2025-02-06,1884,Economy,Kolkata,Truck,Home Goods
1030,2025-01-31,2025-02-02,2025-02-04,2025-02-04,295,Economy,Mumbai,Van,Electronics
1031,2025-02-01,2025-02-03,2025-02-05,2025-02-05,1249,Express,Mumbai,Bike,Books
1032,2025-02-02,2025-02-04,2025-02-06,2025-02-09,1112,Express,Kolkata,Van,Electronics
1033,2025-02-03,2025-02-05,2025-02-07,2025-02-08,1550,Economy,Bangalore,Refrigerated,Healthcare
1034,2025-02-04,2025-02-06,2025-02-08,2025-02-09,1755,Standard,Bangalore,Van,Fashion
1035,2025-02-05,2025-02-07,2025-02-09,2025-02-09,808,Express,Bangalore,Truck,Books
1036,2025-02-06,2025-02-08,2025-02-10,2025-02-13,587,Express,Kolkata,Refrigerated,Food
1037,2025-02-07,2025-02-09,2025-02-11,2025-02-11,1940,Economy,Mumbai,Bike,Healthcare
1038,2025-02-08,2025-02-10,2025-02-12,2025-02-12,1891,Express,Kolkata,Truck,Books
1039,2025-02-09,2025-02-11,2025-02-13,2025-02-15,970,Standard,Kolkata,Truck,Electronics
1040,2025-02-10,2025-02-12,2025-02-14,2025-02-16,457,Economy,Bangalore,Bike,Electronics
1041,2025-02-11,2025-02-13,2025-02-15,2025-02-17,574,Express,Delhi,Bike,Electronics
1042,2025-02-12,2025-02-14,2025-02-16,2025-02-17,877,Economy,Mumbai,Van,Electronics
1043,2025-02-13,2025-02-15,2025-02-17,2025-02-20,1579,Express,Bangalore,Refrigerated,Food
1044,2025-02-14,2025-02-16,2025-02-18,2025-02-21,952,Express,Delhi,Bike,Healthcare
1045,2025-02-15,2025-02-17,2025-02-19,2025-02-22,1898,Express,Delhi,Bike,Home Goods
1046,2025-02-16,2025-02-18,2025-02-20,2025-02-23,85,Standard,Chennai,Refrigerated,Fashion
1047,2025-02-17,2025-02-19,2025-02-21,2025-02-23,734,Standard,Mumbai,Bike,Food
1048,2025-02-18,2025-02-20,2025-02-22,2025-02-23,69,Economy,Delhi,Bike,Food
1049,2025-02-19,2025-02-21,2025-02-23,2025-02-24,370,Express,Bangalore,Van,Home Goods
1050,2025-02-20,2025-02-22,2025-02-24,2025-02-26,1849,Express,Chennai,Truck,Home Goods
1051,2025-02-21,2025-02-23,2025-02-25,2025-02-26,561,Standard,Mumbai,Truck,Fashion
1052,2025-02-22,2025-02-24,2025-02-26,2025-02-28,449,Express,Kolkata,Truck,Fashion
1053,2025-02-23,2025-02-25,2025-02-27,2025-03-02,703,Standard,Bangalore,Truck,Home Goods
1054,2025-02-24,2025-02-26,2025-02-28,2025-03-02,1021,Express,Delhi,Bike,Electronics
1055,2025-02-25,2025-02-27,2025-03-01,2025-03-04,1956,Economy,Delhi,Refrigerated,Food
1056,2025-02-26,2025-02-28,2025-03-02,2025-03-05,520,Express,Bangalore,Refrigerated,Books
1057,2025-02-27,2025-03-01,2025-03-03,2025-03-03,1216,Express,Delhi,Van,Fashion
1058,2025-02-28,2025-03-02,2025-03-04,2025-03-06,1165,Standard,Chennai,Van,Fashion
1059,2025-03-01,2025-03-03,2025-03-05,2025-03-05,1427,Express,Mumbai,Bike,Home Goods
1060,2025-03-02,2025-03-04,2025-03-06,2025-03-08,883,Express,Chennai,Refrigerated,Healthcare
1061,2025-03-03,2025-03-05,2025-03-07,2025-03-09,1873,Standard,Delhi,Refrigerated,Books
1062,2025-03-04,2025-03-06,2025-03-08,2025-03-08,776,Economy,Kolkata,Truck,Books
1063,2025-03-05,2025-03-07,2025-03-09,2025-03-09,903,Economy,Mumbai,Bike,Fashion
1064,2025-03-06,2025-03-08,2025-03-10,2025-03-12,100,Standard,Mumbai,Bike,Electronics
1065,2025-03-07,2025-03-09,2025-03-11,2025-03-12,1738,Standard,Bangalore,Truck,Healthcare
1066,2025-03-08,2025-03-10,2025-03-12,2025-03-15,1771,Standard,Bangalore,Bike,Books
1067,2025-03-09,2025-03-11,2025-03-13,2025-03-13,624,Standard,Kolkata,Bike,Fashion
1068,2025-03-10,2025-03-12,2025-03-14,2025-03-17,1263,Standard,Mumbai,Van,Books
1069,2025-03-11,2025-03-13,2025-03-15,2025-03-16,1198,Economy,Kolkata,Refrigerated,Healthcare
1070,2025-03-12,2025-03-14,2025-03-16,2025-03-17,199,Economy,Bangalore,Bike,Healthcare
1071,2025-03-13,2025-03-15,2025-03-17,2025-03-18,363,Standard,Bangalore,Van,Food
1072,2025-03-14,2025-03-16,2025-03-18,2025-03-18,619,Express,Mumbai,Refrigerated,Home Goods
1073,2025-03-15,2025-03-17,2025-03-19,2025-03-20,1415,Standard,Chennai,Truck,Home Goods
1074,2025-03-16,2025-03-18,2025-03-20,2025-03-20,354,Express,Delhi,Van,Fashion
1075,2025-03-17,2025-03-19,2025-03-21,2025-03-22,1765,Standard,Bangalore,Van,Healthcare
1076,2025-03-18,2025-03-20,2025-03-22,2025-03-25,731,Standard,Bangalore,Refrigerated,Food
1077,2025-03-19,2025-03-21,2025-03-23,2025-03-26,887,Economy,Chennai,Truck,Food
1078,2025-03-20,2025-03-22,2025-03-24,2025-03-26,1856,Express,Chennai,Van,Books
1079,2025-03-21,2025-03-23,2025-03-25,2025-03-28,1127,Express,Kolkata,Bike,Books
1080,2025-03-22,2025-03-24,2025-03-26,2025-03-28,1052,Economy,Kolkata,Bike,Food
1081,2025-03-23,2025-03-25,2025-03-27,2025-03-30,493,Economy,Delhi,Bike,Books
1082,2025-03-24,2025-03-26,2025-03-28,2025-03-28,662,Economy,Delhi,Truck,Healthcare
1083,2025-03-25,2025-03-27,2025-03-29,2025-04-01,1042,Economy,Mumbai,Van,Electronics
1084,2025-03-26,2025-03-28,2025-03-30,2025-04-01,313,Express,Kolkata,Bike,Healthcare
1085,2025-03-27,2025-03-29,2025-03-31,2025-04-02,1126,Express,Bangalore,Truck,Food
1086,2025-03-28,2025-03-30,2025-04-01,2025-04-02,1645,Standard,Kolkata,Bike,Food
1087,2025-03-29,2025-03-31,2025-04-02,2025-04-02,1053,Standard,Bangalore,Refrigerated,Healthcare
1088,2025-03-30,2025-04-01,2025-04-03,2025-04-06,1693,Economy,Chennai,Van,Books
1089,2025-03-31,2025-04-02,2025-04-04,2025-04-05,54,Economy,Kolkata,Van,Books
1090,2025-04-01,2025-04-03,2025-04-05,2025-04-08,1176,Economy,Chennai,Truck,Home Goods
1091,2025-04-02,2025-04-04,2025-04-06,2025-04-09,1269,Standard,Delhi,Truck,Food
1092,2025-04-03,2025-04-05,2025-04-07,2025-04-08,823,Standard,Delhi,Van,Fashion
1093,2025-04-04,2025-04-06,2025-04-08,2025-04-09,926,Standard,Mumbai,Bike,Home Goods
1094,2025-04-05,2025-04-07,2025-04-09,2025-04-10,1041,Standard,Kolkata,Bike,Books
1095,2025-04-06,2025-04-08,2025-04-10,2025-04-11,933,Standard,Chennai,Refrigerated,Healthcare
1096,2025-04-07,2025-04-09,2025-04-11,2025-04-12,1423,Standard,Bangalore,Bike,Books
1097,2025-04-08,2025-04-10,2025-04-12,2025-04-15,96,Standard,Delhi,Truck,Healthcare
1098,2025-04-09,2025-04-11,2025-04-13,2025-04-14,916,Economy,Delhi,Truck,Home Goods
1099,2025-04-10,2025-04-12,2025-04-14,2025-04-14,872,Economy,Bangalore,Bike,Food
1100,2025-04-11,2025-04-13,2025-04-15,2025-04-17,985,Economy,Chennai,Truck,Books
1101,2025-04-12,2025-04-14,2025-04-16,2025-04-17,1893,Economy,Chennai,Van,Healthcare
1102,2025-04-13,2025-04-15,2025-04-17,2025-04-18,705,Standard,Kolkata,Van,Food
1103,2025-04-14,2025-04-16,2025-04-18,2025-04-21,318,Express,Kolkata,Bike,Fashion
1104,2025-04-15,2025-04-17,2025-04-19,2025-04-20,419,Standard,Mumbai,Van,Healthcare
1105,2025-04-16,2025-04-18,2025-04-20,2025-04-21,685,Express,Delhi,Van,Home Goods
1106,2025-04-17,2025-04-19,2025-04-21,2025-04-22,1179,Economy,Kolkata,Refrigerated,Fashion
1107,2025-04-18,2025-04-20,2025-04-22,2025-04-25,1743,Standard,Chennai,Refrigerated,Fashion
1108,2025-04-19,2025-04-21,2025-04-23,2025-04-24,1732,Economy,Bangalore,Van,Electronics
1109,2025-04-20,2025-04-22,2025-04-24,2025-04-26,706,Standard,Chennai,Bike,Books
1110,2025-04-21,2025-04-23,2025-04-25,2025-04-28,169,Economy,Delhi,Refrigerated,Healthcare
1111,2025-04-22,2025-04-24,2025-04-26,2025-04-28,880,Express,Chennai,Truck,Fashion
1112,2025-04-23,2025-04-25,2025-04-27,2025-04-30,1860,Express,Mumbai,Truck,Electronics
1113,2025-04-24,2025-04-26,2025-04-28,2025-04-29,1677,Express,Delhi,Truck,Home Goods
1114,2025-04-25,2025-04-27,2025-04-29,2025-05-01,1131,Standard,Bangalore,Bike,Food
1115,2025-04-26,2025-04-28,2025-04-30,2025-05-03,1419,Express,Mumbai,Van,Healthcare
1116,2025-04-27,2025-04-29,2025-05-01,2025-05-01,790,Standard,Delhi,Truck,Fashion
1117,2025-04-28,2025-04-30,2025-05-02,2025-05-03,1547,Express,Bangalore,Bike,Books
1118,2025-04-29,2025-05-01,2025-05-03,2025-05-06,166,Express,Mumbai,Refrigerated,Electronics
1119,2025-04-30,2025-05-02,2025-05-04,2025-05-04,1903,Standard,Mumbai,Van,Fashion
1120,2025-05-01,2025-05-03,2025-05-05,2025-05-08,840,Standard,Delhi,Refrigerated,Books
1121,2025-05-02,2025-05-04,2025-05-06,2025-05-06,1200,Express,Kolkata,Bike,Fashion
1122,2025-05-03,2025-05-05,2025-05-07,2025-05-08,1466,Standard,Mumbai,Truck,Healthcare
1123,2025-05-04,2025-05-06,2025-05-08,2025-05-10,1981,Express,Mumbai,Truck,Healthcare
1124,2025-05-05,2025-05-07,2025-05-09,2025-05-09,1062,Standard,Bangalore,Bike,Healthcare
1125,2025-05-06,2025-05-08,2025-05-10,2025-05-13,1714,Economy,Chennai,Truck,Home Goods
1126,2025-05-07,2025-05-09,2025-05-11,2025-05-12,1131,Economy,Delhi,Van,Home Goods
1127,2025-05-08,2025-05-10,2025-05-12,2025-05-12,683,Economy,Delhi,Bike,Electronics
1128,2025-05-09,2025-05-11,2025-05-13,2025-05-16,562,Economy,Kolkata,Refrigerated,Healthcare
1129,2025-05-10,2025-05-12,2025-05-14,2025-05-17,1824,Economy,Kolkata,Bike,Books
1130,2025-05-11,2025-05-13,2025-05-15,2025-05-18,851,Express,Delhi,Van,Fashion
1131,2025-05-12,2025-05-14,2025-05-16,2025-05-16,1169,Economy,Kolkata,Van,Food
1132,2025-05-13,2025-05-15,2025-05-17,2025-05-17,1711,Economy,Bangalore,Bike,Books
1133,2025-05-14,2025-05-16,2025-05-18,2025-05-18,1191,Economy,Delhi,Bike,Home Goods
1134,2025-05-15,2025-05-17,2025-05-19,2025-05-21,609,Economy,Kolkata,Truck,Home Goods
1135,2025-05-16,2025-05-18,2025-05-20,2025-05-20,1674,Standard,Delhi,Van,Books
1136,2025-05-17,2025-05-19,2025-05-21,2025-05-21,537,Express,Chennai,Bike,Home Goods
1137,2025-05-18,2025-05-20,2025-05-22,2025-05-22,1310,Economy,Mumbai,Bike,Healthcare
1138,2025-05-19,2025-05-21,2025-05-23,2025-05-25,1958,Economy,Delhi,Van,Electronics
1139,2025-05-20,2025-05-22,2025-05-24,2025-05-24,946,Economy,Mumbai,Bike,Fashion
1140,2025-05-21,2025-05-23,2025-05-25,2025-05-28,1345,Express,Kolkata,Truck,Electronics
1141,2025-05-22,2025-05-24,2025-05-26,2025-05-26,1262,Standard,Mumbai,Van,Fashion
1142,2025-05-23,2025-05-25,2025-05-27,2025-05-30,753,Express,Delhi,Truck,Fashion
1143,2025-05-24,2025-05-26,2025-05-28,2025-05-31,1520,Standard,Chennai,Truck,Electronics
1144,2025-05-25,2025-05-27,2025-05-29,2025-06-01,630,Economy,Kolkata,Truck,Books
1145,2025-05-26,2025-05-28,2025-05-30,2025-06-01,839,Economy,Delhi,Truck,Fashion
1146,2025-05-27,2025-05-29,2025-05-31,2025-06-02,910,Express,Kolkata,Van,Electronics
1147,2025-05-28,2025-05-30,2025-06-01,2025-06-03,296,Express,Bangalore,Truck,Fashion
1148,2025-05-29,2025-05-31,2025-06-02,2025-06-02,1149,Standard,Mumbai,Truck,Food
1149,2025-05-30,2025-06-01,2025-06-03,2025-06-06,203,Standard,Bangalore,Bike,Books
1150,2025-05-31,2025-06-02,2025-06-04,2025-06-06,1729,Express,Delhi,Van,Healthcare
1151,2025-06-01,2025-06-03,2025-06-05,2025-06-07,1508,Standard,Chennai,Van,Fashion
1152,2025-06-02,2025-06-04,2025-06-06,2025-06-06,1046,Express,Kolkata,Refrigerated,Food
1153,2025-06-03,2025-06-05,2025-06-07,2025-06-09,1159,Standard,Mumbai,Van,Healthcare
1154,2025-06-04,2025-06-06,2025-06-08,2025-06-08,746,Express,Kolkata,Van,Healthcare
1155,2025-06-05,2025-06-07,2025-06-09,2025-06-10,1358,Express,Delhi,Refrigerated,Fashion
1156,2025-06-06,2025-06-08,2025-06-10,2025-06-12,1293,Express,Kolkata,Van,Electronics
1157,2025-06-07,2025-06-09,2025-06-11,2025-06-12,1142,Standard,Mumbai,Van,Fashion
1158,2025-06-08,2025-06-10,2025-06-12,2025-06-12,1120,Standard,Delhi,Van,Food
1159,2025-06-09,2025-06-11,2025-06-13,2025-06-16,1058,Standard,Kolkata,Van,Healthcare
1160,2025-06-10,2025-06-12,2025-06-14,2025-06-16,143,Express,Chennai,Refrigerated,Fashion
1161,2025-06-11,2025-06-13,2025-06-15,2025-06-15,1823,Standard,Delhi,Van,Electronics
1162,2025-06-12,2025-06-14,2025-06-16,2025-06-19,1007,Standard,Delhi,Van,Fashion
1163,2025-06-13,2025-06-15,2025-06-17,2025-06-20,1061,Express,Chennai,Refrigerated,Books
1164,2025-06-14,2025-06-16,2025-06-18,2025-06-19,502,Economy,Bangalore,Bike,Electronics
1165,2025-06-15,2025-06-17,2025-06-19,2025-06-19,1277,Express,Mumbai,Truck,Food
1166,2025-06-16,2025-06-18,2025-06-20,2025-06-23,961,Standard,Bangalore,Bike,Healthcare
1167,2025-06-17,2025-06-19,2025-06-21,2025-06-23,267,Express,Kolkata,Refrigerated,Fashion
1168,2025-06-18,2025-06-20,2025-06-22,2025-06-24,523,Economy,Chennai,Truck,Electronics
1169,2025-06-19,2025-06-21,2025-06-23,2025-06-24,481,Express,Bangalore,Refrigerated,Books
1170,2025-06-20,2025-06-22,2025-06-24,2025-06-27,390,Standard,Delhi,Refrigerated,Electronics
1171,2025-06-21,2025-06-23,2025-06-25,2025-06-25,600,Economy,Kolkata,Van,Home Goods
1172,2025-06-22,2025-06-24,2025-06-26,2025-06-28,1685,Standard,Kolkata,Truck,Books
1173,2025-06-23,2025-06-25,2025-06-27,2025-06-30,1362,Economy,Bangalore,Van,Food
1174,2025-06-24,2025-06-26,2025-06-28,2025-07-01,1327,Economy,Bangalore,Truck,Healthcare
1175,2025-06-25,2025-06-27,2025-06-29,2025-06-30,1807,Express,Chennai,Refrigerated,Food
1176,2025-06-26,2025-06-28,2025-06-30,2025-07-02,406,Express,Mumbai,Refrigerated,Fashion
1177,2025-06-27,2025-06-29,2025-07-01,2025-07-03,72,Standard,Bangalore,Bike,Electronics
1178,2025-06-28,2025-06-30,2025-07-02,2025-07-02,1835,Express,Bangalore,Truck,Home Goods
1179,2025-06-29,2025-07-01,2025-07-03,2025-07-05,571,Express,Delhi,Van,Books
1180,2025-06-30,2025-07-02,2025-07-04,2025-07-04,1831,Economy,Kolkata,Bike,Books
1181,2025-07-01,2025-07-03,2025-07-05,2025-07-07,1910,Express,Mumbai,Bike,Electronics
1182,2025-07-02,2025-07-04,2025-07-06,2025-07-07,1173,Economy,Delhi,Bike,Home Goods
1183,2025-07-03,2025-07-05,2025-07-07,2025-07-09,851,Economy,Chennai,Van,Electronics
1184,2025-07-04,2025-07-06,2025-07-08,2025-07-08,1253,Economy,Chennai,Bike,Fashion
1185,2025-07-05,2025-07-07,2025-07-09,2025-07-09,1296,Standard,Bangalore,Van,Food
1186,2025-07-06,2025-07-08,2025-07-10,2025-07-11,1979,Standard,Bangalore,Bike,Books
1187,2025-07-07,2025-07-09,2025-07-11,2025-07-13,811,Standard,Chennai,Van,Fashion
1188,2025-07-08,2025-07-10,2025-07-12,2025-07-14,1732,Economy,Bangalore,Refrigerated,Food
1189,2025-07-09,2025-07-11,2025-07-13,2025-07-14,491,Standard,Mumbai,Refrigerated,Fashion
1190,2025-07-10,2025-07-12,2025-07-14,2025-07-16,1681,Standard,Bangalore,Refrigerated,Home Goods
1191,2025-07-11,2025-07-13,2025-07-15,2025-07-17,818,Express,Kolkata,Refrigerated,Books
1192,2025-07-12,2025-07-14,2025-07-16,2025-07-16,1065,Standard,Bangalore,Refrigerated,Electronics
1193,2025-07-13,2025-07-15,2025-07-17,2025-07-19,1398,Standard,Delhi,Bike,Electronics
1194,2025-07-14,2025-07-16,2025-07-18,2025-07-20,565,Economy,Mumbai,Bike,Food
1195,2025-07-15,2025-07-17,2025-07-19,2025-07-20,1089,Economy,Delhi,Bike,Healthcare
1196,2025-07-16,2025-07-18,2025-07-20,2025-07-21,841,Economy,Delhi,Van,Home Goods
1197,2025-07-17,2025-07-19,2025-07-21,2025-07-24,385,Economy,Kolkata,Van,Food
1198,2025-07-18,2025-07-20,2025-07-22,2025-07-22,1832,Economy,Mumbai,Van,Healthcare
1199,2025-07-19,2025-07-21,2025-07-23,2025-07-25,307,Economy,Mumbai,Van,Fashion
1200,2025-07-20,2025-07-22,2025-07-24,2025-07-26,546,Standard,Mumbai,Refrigerated,Home Goods
1201,2025-07-21,2025-07-23,2025-07-25,2025-07-28,945,Economy,Mumbai,Refrigerated,Fashion
1202,2025-07-22,2025-07-24,2025-07-26,2025-07-28,209,Economy,Mumbai,Refrigerated,Books
1203,2025-07-23,2025-07-25,2025-07-27,2025-07-27,1548,Express,Kolkata,Truck,Home Goods
1204,2025-07-24,2025-07-26,2025-07-28,2025-07-31,901,Standard,Bangalore,Bike,Healthcare
1205,2025-07-25,2025-07-27,2025-07-29,2025-07-29,1737,Standard,Delhi,Van,Books
1206,2025-07-26,2025-07-28,2025-07-30,2025-08-02,1981,Standard,Mumbai,Van,Electronics
1207,2025-07-27,2025-07-29,2025-07-31,2025-08-03,739,Economy,Bangalore,Refrigerated,Healthcare
1208,2025-07-28,2025-07-30,2025-08-01,2025-08-02,1748,Economy,Bangalore,Van,Food
1209,2025-07-29,2025-07-31,2025-08-02,2025-08-02,429,Economy,Delhi,Van,Electronics
1210,2025-07-30,2025-08-01,2025-08-03,2025-08-05,1618,Express,Kolkata,Bike,Electronics
1211,2025-07-31,2025-08-02,2025-08-04,2025-08-06,1006,Economy,Chennai,Refrigerated,Food
1212,2025-08-01,2025-08-03,2025-08-05,2025-08-05,740,Express,Chennai,Bike,Home Goods
1213,2025-08-02,2025-08-04,2025-08-06,2025-08-08,1500,Standard,Bangalore,Truck,Electronics
1214,2025-08-03,2025-08-05,2025-08-07,2025-08-09,1686,Economy,Delhi,Truck,Healthcare
1215,2025-08-04,2025-08-06,2025-08-08,2025-08-08,1341,Express,Chennai,Truck,Books
1216,2025-08-05,2025-08-07,2025-08-09,2025-08-12,1908,Express,Bangalore,Refrigerated,Electronics
1217,2025-08-06,2025-08-08,2025-08-10,2025-08-10,1650,Economy,Kolkata,Van,Healthcare
1218,2025-08-07,2025-08-09,2025-08-11,2025-08-14,1490,Standard,Chennai,Refrigerated,Fashion
1219,2025-08-08,2025-08-10,2025-08-12,2025-08-14,1241,Standard,Bangalore,Refrigerated,Healthcare
1220,2025-08-09,2025-08-11,2025-08-13,2025-08-15,1915,Standard,Bangalore,Van,Books
1221,2025-08-10,2025-08-12,2025-08-14,2025-08-16,1116,Express,Mumbai,Bike,Healthcare
1222,2025-08-11,2025-08-13,2025-08-15,2025-08-16,1629,Express,Kolkata,Truck,Food
1223,2025-08-12,2025-08-14,2025-08-16,2025-08-19,334,Express,Mumbai,Bike,Books
1224,2025-08-13,2025-08-15,2025-08-17,2025-08-18,446,Express,Delhi,Truck,Home Goods
1225,2025-08-14,2025-08-16,2025-08-18,2025-08-19,61,Standard,Mumbai,Refrigerated,Fashion
1226,2025-08-15,2025-08-17,2025-08-19,2025-08-19,1680,Economy,Mumbai,Truck,Food
1227,2025-08-16,2025-08-18,2025-08-20,2025-08-21,1375,Express,Chennai,Refrigerated,Home Goods
1228,2025-08-17,2025-08-19,2025-08-21,2025-08-21,1971,Express,Bangalore,Bike,Healthcare
1229,2025-08-18,2025-08-20,2025-08-22,2025-08-22,1326,Standard,Kolkata,Refrigerated,Books
1230,2025-08-19,2025-08-21,2025-08-23,2025-08-24,548,Economy,Mumbai,Bike,Fashion
1231,2025-08-20,2025-08-22,2025-08-24,2025-08-27,803,Economy,Kolkata,Van,Food
1232,2025-08-21,2025-08-23,2025-08-25,2025-08-28,84,Standard,Mumbai,Van,Home Goods
1233,2025-08-22,2025-08-24,2025-08-26,2025-08-29,776,Standard,Delhi,Van,Home Goods
1234,2025-08-23,2025-08-25,2025-08-27,2025-08-30,898,Economy,Mumbai,Refrigerated,Fashion
1235,2025-08-24,2025-08-26,2025-08-28,2025-08-31,139,Express,Chennai,Van,Healthcare
1236,2025-08-25,2025-08-27,2025-08-29,2025-08-30,825,Economy,Bangalore,Truck,Fashion
1237,2025-08-26,2025-08-28,2025-08-30,2025-08-31,654,Standard,Delhi,Bike,Home Goods
1238,2025-08-27,2025-08-29,2025-08-31,2025-09-02,1995,Express,Mumbai,Bike,Electronics
1239,2025-08-28,2025-08-30,2025-09-01,2025-09-04,1019,Express,Kolkata,Truck,Food
1240,2025-08-29,2025-08-31,2025-09-02,2025-09-03,1675,Standard,Delhi,Refrigerated,Fashion
1241,2025-08-30,2025-09-01,2025-09-03,2025-09-05,1071,Standard,Delhi,Refrigerated,Home Goods
1242,2025-08-31,2025-09-02,2025-09-04,2025-09-07,467,Standard,Mumbai,Bike,Healthcare
1243,2025-09-01,2025-09-03,2025-09-05,2025-09-05,164,Economy,Delhi,Van,Home Goods
1244,2025-09-02,2025-09-04,2025-09-06,2025-09-08,666,Economy,Kolkata,Refrigerated,Healthcare
1245,2025-09-03,2025-09-05,2025-09-07,2025-09-08,1976,Express,Delhi,Refrigerated,Fashion
1246,2025-09-04,2025-09-06,2025-09-08,2025-09-08,1269,Standard,Kolkata,Truck,Healthcare
1247,2025-09-05,2025-09-07,2025-09-09,2025-09-09,875,Express,Mumbai,Truck,Books
1248,2025-09-06,2025-09-08,2025-09-10,2025-09-10,1574,Express,Bangalore,Van,Books
1249,2025-09-07,2025-09-09,2025-09-11,2025-09-13,1699,Express,Delhi,Refrigerated,Books
1250,2025-09-08,2025-09-10,2025-09-12,2025-09-13,1566,Express,Bangalore,Refrigerated,Electronics
1251,2025-09-09,2025-09-11,2025-09-13,2025-09-13,1148,Standard,Kolkata,Truck,Fashion
1252,2025-09-10,2025-09-12,2025-09-14,2025-09-17,462,Express,Delhi,Refrigerated,Home Goods
1253,2025-09-11,2025-09-13,2025-09-15,2025-09-15,1449,Standard,Chennai,Bike,Home Goods
1254,2025-09-12,2025-09-14,2025-09-16,2025-09-16,1493,Standard,Bangalore,Truck,Electronics
1255,2025-09-13,2025-09-15,2025-09-17,2025-09-19,778,Economy,Delhi,Van,Healthcare
1256,2025-09-14,2025-09-16,2025-09-18,2025-09-20,1350,Standard,Bangalore,Truck,Electronics
1257,2025-09-15,2025-09-17,2025-09-19,2025-09-20,1070,Economy,Delhi,Refrigerated,Healthcare
1258,2025-09-16,2025-09-18,2025-09-20,2025-09-23,810,Standard,Mumbai,Van,Healthcare
1259,2025-09-17,2025-09-19,2025-09-21,2025-09-23,725,Standard,Bangalore,Truck,Food
1260,2025-09-18,2025-09-20,2025-09-22,2025-09-22,1467,Standard,Chennai,Bike,Home Goods
1261,2025-09-19,2025-09-21,2025-09-23,2025-09-24,1942,Economy,Chennai,Bike,Books
1262,2025-09-20,2025-09-22,2025-09-24,2025-09-24,506,Economy,Kolkata,Truck,Healthcare
1263,2025-09-21,2025-09-23,2025-09-25,2025-09-25,969,Express,Delhi,Bike,Food
1264,2025-09-22,2025-09-24,2025-09-26,2025-09-28,241,Economy,Bangalore,Bike,Home Goods
1265,2025-09-23,2025-09-25,2025-09-27,2025-09-28,788,Economy,Kolkata,Bike,Books
1266,2025-09-24,2025-09-26,2025-09-28,2025-10-01,1762,Economy,Bangalore,Van,Healthcare
1267,2025-09-25,2025-09-27,2025-09-29,2025-10-02,1172,Economy,Delhi,Bike,Healthcare
1268,2025-09-26,2025-09-28,2025-09-30,2025-10-02,1621,Express,Chennai,Bike,Electronics
1269,2025-09-27,2025-09-29,2025-10-01,2025-10-03,1027,Economy,Mumbai,Bike,Electronics
1270,2025-09-28,2025-09-30,2025-10-02,2025-10-03,1058,Standard,Chennai,Van,Home Goods
1271,2025-09-29,2025-10-01,2025-10-03,2025-10-06,145,Standard,Kolkata,Truck,Books
1272,2025-09-30,2025-10-02,2025-10-04,2025-10-07,1737,Economy,Mumbai,Refrigerated,Healthcare
1273,2025-10-01,2025-10-03,2025-10-05,2025-10-08,712,Economy,Kolkata,Bike,Home Goods
1274,2025-10-02,2025-10-04,2025-10-06,2025-10-06,1263,Standard,Delhi,Truck,Home Goods
1275,2025-10-03,2025-10-05,2025-10-07,2025-10-10,1809,Standard,Mumbai,Bike,Fashion
1276,2025-10-04,2025-10-06,2025-10-08,2025-10-08,86,Express,Kolkata,Van,Electronics
1277,2025-10-05,2025-10-07,2025-10-09,2025-10-10,1853,Standard,Delhi,Truck,Books
1278,2025-10-06,2025-10-08,2025-10-10,2025-10-10,1442,Standard,Chennai,Van,Healthcare
1279,2025-10-07,2025-10-09,2025-10-11,2025-10-12,1768,Economy,Delhi,Bike,Home Goods
1280,2025-10-08,2025-10-10,2025-10-12,2025-10-15,1598,Standard,Bangalore,Bike,Healthcare
1281,2025-10-09,2025-10-11,2025-10-13,2025-10-16,328,Express,Delhi,Van,Fashion
1282,2025-10-10,2025-10-12,2025-10-14,2025-10-15,266,Standard,Delhi,Refrigerated,Books
1283,2025-10-11,2025-10-13,2025-10-15,2025-10-17,916,Economy,Bangalore,Van,Home Goods
1284,2025-10-12,2025-10-14,2025-10-16,2025-10-17,922,Economy,Kolkata,Bike,Healthcare
1285,2025-10-13,2025-10-15,2025-10-17,2025-10-19,1871,Standard,Kolkata,Van,Electronics
1286,2025-10-14,2025-10-16,2025-10-18,2025-10-18,1346,Economy,Delhi,Refrigerated,Fashion
1287,2025-10-15,2025-10-17,2025-10-19,2025-10-19,1954,Express,Bangalore,Van,Books
1288,2025-10-16,2025-10-18,2025-10-20,2025-10-20,111,Express,Bangalore,Refrigerated,Fashion
1289,2025-10-17,2025-10-19,2025-10-21,2025-10-24,645,Standard,Chennai,Refrigerated,Electronics
1290,2025-10-18,2025-10-20,2025-10-22,2025-10-22,1953,Standard,Kolkata,Van,Books
1291,2025-10-19,2025-10-21,2025-10-23,2025-10-25,778,Standard,Mumbai,Van,Fashion
1292,2025-10-20,2025-10-22,2025-10-24,2025-10-24,1415,Economy,Kolkata,Truck,Food
1293,2025-10-21,2025-10-23,2025-10-25,2025-10-26,446,Express,Kolkata,Bike,Electronics
1294,2025-10-22,2025-10-24,2025-10-26,2025-10-27,748,Express,Chennai,Refrigerated,Electronics
1295,2025-10-23,2025-10-25,2025-10-27,2025-10-30,1092,Economy,Mumbai,Truck,Electronics
1296,2025-10-24,2025-10-26,2025-10-28,2025-10-29,226,Express,Chennai,Van,Food
1297,2025-10-25,2025-10-27,2025-10-29,2025-10-31,1685,Standard,Mumbai,Bike,Food
1298,2025-10-26,2025-10-28,2025-10-30,2025-10-30,445,Standard,Delhi,Truck,Healthcare
1299,2025-10-27,2025-10-29,2025-10-31,2025-11-03,494,Standard,Mumbai,Refrigerated,Home Goods
1300,2025-10-28,2025-10-30,2025-11-01,2025-11-01,1306,Express,Chennai,Truck,Fashion
1301,2025-10-29,2025-10-31,2025-11-02,2025-11-02,1988,Standard,Kolkata,Refrigerated,Healthcare
1302,2025-10-30,2025-11-01,2025-11-03,2025-11-05,125,Economy,Mumbai,Van,Fashion
1303,2025-10-31,2025-11-02,2025-11-04,2025-11-05,314,Economy,Mumbai,Bike,Home Goods
1304,2025-11-01,2025-11-03,2025-11-05,2025-11-06,504,Express,Bangalore,Bike,Food
1305,2025-11-02,2025-11-04,2025-11-06,2025-11-06,1869,Economy,Kolkata,Bike,Home Goods
1306,2025-11-03,2025-11-05,2025-11-07,2025-11-10,767,Economy,Delhi,Van,Food
1307,2025-11-04,2025-11-06,2025-11-08,2025-11-09,784,Express,Chennai,Refrigerated,Home Goods
1308,2025-11-05,2025-11-07,2025-11-09,2025-11-12,1457,Standard,Delhi,Van,Healthcare
1309,2025-11-06,2025-11-08,2025-11-10,2025-11-11,1637,Standard,Kolkata,Bike,Books
1310,2025-11-07,2025-11-09,2025-11-11,2025-11-14,900,Standard,Mumbai,Van,Healthcare
1311,2025-11-08,2025-11-10,2025-11-12,2025-11-14,1579,Express,Mumbai,Van,Fashion
1312,2025-11-09,2025-11-11,2025-11-13,2025-11-16,1440,Economy,Kolkata,Van,Healthcare
1313,2025-11-10,2025-11-12,2025-11-14,2025-11-16,193,Standard,Mumbai,Refrigerated,Electronics
1314,2025-11-11,2025-11-13,2025-11-15,2025-11-17,934,Standard,Mumbai,Truck,Fashion
1315,2025-11-12,2025-11-14,2025-11-16,2025-11-19,1142,Express,Mumbai,Truck,Home Goods
1316,2025-11-13,2025-11-15,2025-11-17,2025-11-19,1172,Standard,Chennai,Van,Fashion
1317,2025-11-14,2025-11-16,2025-11-18,2025-11-18,445,Express,Chennai,Truck,Books
1318,2025-11-15,2025-11-17,2025-11-19,2025-11-21,1098,Economy,Bangalore,Truck,Food
1319,2025-11-16,2025-11-18,2025-11-20,2025-11-21,997,Express,Delhi,Van,Home Goods
1320,2025-11-17,2025-11-19,2025-11-21,2025-11-24,940,Express,Kolkata,Van,Fashion
1321,2025-11-18,2025-11-20,2025-11-22,2025-11-22,1542,Express,Kolkata,Bike,Home Goods
1322,2025-11-19,2025-11-21,2025-11-23,2025-11-26,1557,Express,Kolkata,Truck,Home Goods
1323,2025-11-20,2025-11-22,2025-11-24,2025-11-25,1638,Economy,Bangalore,Refrigerated,Home Goods
1324,2025-11-21,2025-11-23,2025-11-25,2025-11-26,1224,Economy,Chennai,Van,Food
1325,2025-11-22,2025-11-24,2025-11-26,2025-11-27,1217,Standard,Bangalore,Bike,Healthcare
1326,2025-11-23,2025-11-25,2025-11-27,2025-11-29,618,Economy,Kolkata,Refrigerated,Home Goods
1327,2025-11-24,2025-11-26,2025-11-28,2025-11-30,1112,Economy,Delhi,Truck,Electronics
1328,2025-11-25,2025-11-27,2025-11-29,2025-12-02,158,Standard,Mumbai,Bike,Books
1329,2025-11-26,2025-11-28,2025-11-30,2025-12-03,1766,Economy,Chennai,Van,Food
1330,2025-11-27,2025-11-29,2025-12-01,2025-12-01,1115,Express,Chennai,Refrigerated,Fashion
1331,2025-11-28,2025-11-30,2025-12-02,2025-12-02,1259,Express,Bangalore,Van,Food
1332,2025-11-29,2025-12-01,2025-12-03,2025-12-06,984,Standard,Chennai,Truck,Fashion
1333,2025-11-30,2025-12-02,2025-12-04,2025-12-06,447,Standard,Kolkata,Refrigerated,Food
1334,2025-12-01,2025-12-03,2025-12-05,2025-12-06,1296,Standard,Kolkata,Truck,Fashion
1335,2025-12-02,2025-12-04,2025-12-06,2025-12-09,683,Express,Bangalore,Truck,Home Goods
1336,2025-12-03,2025-12-05,2025-12-07,2025-12-07,1206,Economy,Kolkata,Bike,Healthcare
1337,2025-12-04,2025-12-06,2025-12-08,2025-12-10,1236,Express,Delhi,Van,Fashion
1338,2025-12-05,2025-12-07,2025-12-09,2025-12-12,1288,Standard,Bangalore,Refrigerated,Fashion
1339,2025-12-06,2025-12-08,2025-12-10,2025-12-13,782,Economy,Delhi,Truck,Electronics
1340,2025-12-07,2025-12-09,2025-12-11,2025-12-13,284,Economy,Mumbai,Truck,Fashion
1341,2025-12-08,2025-12-10,2025-12-12,2025-12-15,1916,Express,Delhi,Refrigerated,Electronics
1342,2025-12-09,2025-12-11,2025-12-13,2025-12-15,707,Standard,Mumbai,Truck,Books
1343,2025-12-10,2025-12-12,2025-12-14,2025-12-15,800,Express,Mumbai,Bike,Home Goods
1344,2025-12-11,2025-12-13,2025-12-15,2025-12-17,637,Economy,Delhi,Bike,Electronics
1345,2025-12-12,2025-12-14,2025-12-16,2025-12-18,1082,Express,Bangalore,Bike,Healthcare
1346,2025-12-13,2025-12-15,2025-12-17,2025-12-19,1147,Express,Kolkata,Bike,Home Goods
1347,2025-12-14,2025-12-16,2025-12-18,2025-12-21,1003,Standard,Kolkata,Truck,Electronics
1348,2025-12-15,2025-12-17,2025-12-19,2025-12-22,541,Standard,Mumbai,Refrigerated,Home Goods
1349,2025-12-16,2025-12-18,2025-12-20,2025-12-22,962,Economy,Mumbai,Refrigerated,Home Goods
1350,2025-12-17,2025-12-19,2025-12-21,2025-12-24,1326,Express,Bangalore,Refrigerated,Home Goods
1351,2025-12-18,2025-12-20,2025-12-22,2025-12-22,1303,Express,Chennai,Refrigerated,Books
1352,2025-12-19,2025-12-21,2025-12-23,2025-12-23,1592,Express,Delhi,Van,Healthcare
1353,2025-12-20,2025-12-22,2025-12-24,2025-12-27,1247,Economy,Mumbai,Refrigerated,Food
1354,2025-12-21,2025-12-23,2025-12-25,2025-12-28,1726,Economy,Kolkata,Van,Food
1355,2025-12-22,2025-12-24,2025-12-26,2025-12-28,1241,Standard,Bangalore,Van,Electronics
1356,2025-12-23,2025-12-25,2025-12-27,2025-12-28,219,Standard,Delhi,Bike,Home Goods
1357,2025-12-24,2025-12-26,2025-12-28,2025-12-31,1466,Standard,Bangalore,Van,Electronics
1358,2025-12-25,2025-12-27,2025-12-29,2025-12-29,995,Express,Delhi,Truck,Books
1359,2025-12-26,2025-12-28,2025-12-30,2026-01-01,844,Express,Delhi,Van,Books
1360,2025-12-27,2025-12-29,2025-12-31,2026-01-03,683,Standard,Mumbai,Bike,Fashion
1361,2025-12-28,2025-12-30,2026-01-01,2026-01-01,1267,Express,Bangalore,Van,Books
1362,2025-12-29,2025-12-31,2026-01-02,2026-01-02,1590,Standard,Bangalore,Truck,Fashion
1363,2025-12-30,2026-01-01,2026-01-03,2026-01-04,78,Economy,Kolkata,Truck,Healthcare
1364,2025-12-31,2026-01-02,2026-01-04,2026-01-06,1238,Standard,Kolkata,Truck,Electronics
1365,2026-01-01,2026-01-03,2026-01-05,2026-01-07,1495,Economy,Mumbai,Bike,Healthcare
1366,2026-01-02,2026-01-04,2026-01-06,2026-01-07,388,Express,Mumbai,Bike,Books
1367,2026-01-03,2026-01-05,2026-01-07,2026-01-08,1721,Standard,Chennai,Refrigerated,Healthcare
1368,2026-01-04,2026-01-06,2026-01-08,2026-01-10,1569,Express,Kolkata,Bike,Healthcare
1369,2026-01-05,2026-01-07,2026-01-09,2026-01-11,1438,Economy,Delhi,Truck,Healthcare
1370,2026-01-06,2026-01-08,2026-01-10,2026-01-13,1906,Economy,Bangalore,Truck,Books
1371,2026-01-07,2026-01-09,2026-01-11,2026-01-14,1415,Economy,Mumbai,Bike,Home Goods
1372,2026-01-08,2026-01-10,2026-01-12,2026-01-13,549,Express,Bangalore,Van,Healthcare
1373,2026-01-09,2026-01-11,2026-01-13,2026-01-16,1730,Express,Bangalore,Bike,Fashion
1374,2026-01-10,2026-01-12,2026-01-14,2026-01-14,560,Express,Chennai,Bike,Books
1375,2026-01-11,2026-01-13,2026-01-15,2026-01-18,1400,Express,Kolkata,Truck,Healthcare
1376,2026-01-12,2026-01-14,2026-01-16,2026-01-19,266,Economy,Mumbai,Refrigerated,Home Goods
1377,2026-01-13,2026-01-15,2026-01-17,2026-01-17,1374,Economy,Bangalore,Truck,Books
1378,2026-01-14,2026-01-16,2026-01-18,2026-01-19,1205,Standard,Mumbai,Refrigerated,Food
1379,2026-01-15,2026-01-17,2026-01-19,2026-01-19,1877,Standard,Delhi,Truck,Home Goods
1380,2026-01-16,2026-01-18,2026-01-20,2026-01-23,1143,Express,Chennai,Bike,Fashion
1381,2026-01-17,2026-01-19,2026-01-21,2026-01-22,1325,Economy,Delhi,Truck,Healthcare
1382,2026-01-18,2026-01-20,2026-01-22,2026-01-25,1488,Economy,Mumbai,Truck,Food
1383,2026-01-19,2026-01-21,2026-01-23,2026-01-23,1860,Economy,Mumbai,Truck,Food
1384,2026-01-20,2026-01-22,2026-01-24,2026-01-24,494,Standard,Kolkata,Bike,Books
1385,2026-01-21,2026-01-23,2026-01-25,2026-01-28,925,Standard,Bangalore,Bike,Food
1386,2026-01-22,2026-01-24,2026-01-26,2026-01-28,1255,Economy,Bangalore,Bike,Fashion
1387,2026-01-23,2026-01-25,2026-01-27,2026-01-29,216,Economy,Delhi,Bike,Fashion
1388,2026-01-24,2026-01-26,2026-01-28,2026-01-28,140,Economy,Chennai,Refrigerated,Electronics
1389,2026-01-25,2026-01-27,2026-01-29,2026-01-29,763,Standard,Bangalore,Refrigerated,Fashion
1390,2026-01-26,2026-01-28,2026-01-30,2026-02-01,1931,Economy,Kolkata,Van,Home Goods
1391,2026-01-27,2026-01-29,2026-01-31,2026-02-02,1604,Economy,Delhi,Bike,Food
1392,2026-01-28,2026-01-30,2026-02-01,2026-02-04,88,Express,Delhi,Refrigerated,Fashion
1393,2026-01-29,2026-01-31,2026-02-02,2026-02-05,1199,Express,Kolkata,Truck,Books
1394,2026-01-30,2026-02-01,2026-02-03,2026-02-05,1524,Standard,Chennai,Bike,Electronics
1395,2026-01-31,2026-02-02,2026-02-04,2026-02-07,222,Economy,Kolkata,Van,Food
1396,2026-02-01,2026-02-03,2026-02-05,2026-02-08,702,Economy,Chennai,Van,Electronics
1397,2026-02-02,2026-02-04,2026-02-06,2026-02-07,803,Express,Kolkata,Van,Food
1398,2026-02-03,2026-02-05,2026-02-07,2026-02-10,1293,Standard,Kolkata,Truck,Books
1399,2026-02-04,2026-02-06,2026-02-08,2026-02-08,1711,Express,Mumbai,Refrigerated,Electronics
1400,2026-02-05,2026-02-07,2026-02-09,2026-02-12,1131,Express,Delhi,Truck,Healthcare
1401,2026-02-06,2026-02-08,2026-02-10,2026-02-13,1733,Express,Kolkata,Bike,Home Goods
1402,2026-02-07,2026-02-09,2026-02-11,2026-02-13,525,Express,Kolkata,Van,Home Goods
1403,2026-02-08,2026-02-10,2026-02-12,2026-02-12,505,Economy,Bangalore,Truck,Food
1404,2026-02-09,2026-02-11,2026-02-13,2026-02-16,878,Economy,Delhi,Truck,Healthcare
1405,2026-02-10,2026-02-12,2026-02-14,2026-02-17,944,Express,Bangalore,Refrigerated,Electronics
1406,2026-02-11,2026-02-13,2026-02-15,2026-02-16,1434,Standard,Delhi,Refrigerated,Healthcare
1407,2026-02-12,2026-02-14,2026-02-16,2026-02-19,1074,Standard,Bangalore,Van,Healthcare
1408,2026-02-13,2026-02-15,2026-02-17,2026-02-20,436,Standard,Kolkata,Truck,Electronics
1409,2026-02-14,2026-02-16,2026-02-18,2026-02-19,397,Standard,Kolkata,Truck,Books
1410,2026-02-15,2026-02-17,2026-02-19,2026-02-21,239,Express,Mumbai,Refrigerated,Healthcare
1411,2026-02-16,2026-02-18,2026-02-20,2026-02-23,554,Economy,Bangalore,Truck,Healthcare
1412,2026-02-17,2026-02-19,2026-02-21,2026-02-22,1264,Standard,Chennai,Truck,Books
1413,2026-02-18,2026-02-20,2026-02-22,2026-02-22,1581,Express,Mumbai,Truck,Healthcare
1414,2026-02-19,2026-02-21,2026-02-23,2026-02-25,1442,Standard,Bangalore,Refrigerated,Healthcare
1415,2026-02-20,2026-02-22,2026-02-24,2026-02-24,1482,Standard,Bangalore,Van,Healthcare
1416,2026-02-21,2026-02-23,2026-02-25,2026-02-25,873,Express,Mumbai,Bike,Home Goods
1417,2026-02-22,2026-02-24,2026-02-26,2026-02-27,978,Economy,Kolkata,Van,Fashion
1418,2026-02-23,2026-02-25,2026-02-27,2026-03-02,983,Economy,Bangalore,Bike,Books
1419,2026-02-24,2026-02-26,2026-02-28,2026-03-01,1190,Express,Kolkata,Truck,Healthcare
1420,2026-02-25,2026-02-27,2026-03-01,2026-03-02,183,Economy,Mumbai,Van,Home Goods
1421,2026-02-26,2026-02-28,2026-03-02,2026-03-03,107,Express,Kolkata,Bike,Books
1422,2026-02-27,2026-03-01,2026-03-03,2026-03-04,1629,Express,Delhi,Refrigerated,Food
1423,2026-02-28,2026-03-02,2026-03-04,2026-03-06,734,Express,Chennai,Refrigerated,Food
1424,2026-03-01,2026-03-03,2026-03-05,2026-03-08,721,Economy,Bangalore,Van,Healthcare
1425,2026-03-02,2026-03-04,2026-03-06,2026-03-06,222,Express,Chennai,Van,Home Goods
1426,2026-03-03,2026-03-05,2026-03-07,2026-03-07,1902,Standard,Kolkata,Truck,Home Goods
1427,2026-03-04,2026-03-06,2026-03-08,2026-03-11,864,Economy,Bangalore,Van,Books
1428,2026-03-05,2026-03-07,2026-03-09,2026-03-09,1222,Economy,Kolkata,Truck,Books
1429,2026-03-06,2026-03-08,2026-03-10,2026-03-13,129,Economy,Delhi,Truck,Home Goods
1430,2026-03-07,2026-03-09,2026-03-11,2026-03-11,935,Economy,Mumbai,Refrigerated,Books
1431,2026-03-08,2026-03-10,2026-03-12,2026-03-13,1286,Standard,Bangalore,Refrigerated,Home Goods
1432,2026-03-09,2026-03-11,2026-03-13,2026-03-13,252,Economy,Delhi,Bike,Fashion
1433,2026-03-10,2026-03-12,2026-03-14,2026-03-17,813,Economy,Delhi,Refrigerated,Home Goods
1434,2026-03-11,2026-03-13,2026-03-15,2026-03-18,1302,Express,Bangalore,Refrigerated,Food
1435,2026-03-12,2026-03-14,2026-03-16,2026-03-19,1749,Economy,Kolkata,Van,Books
1436,2026-03-13,2026-03-15,2026-03-17,2026-03-20,1300,Standard,Delhi,Refrigerated,Home Goods
1437,2026-03-14,2026-03-16,2026-03-18,2026-03-21,1732,Standard,Chennai,Bike,Home Goods
1438,2026-03-15,2026-03-17,2026-03-19,2026-03-21,1605,Standard,Delhi,Van,Books
1439,2026-03-16,2026-03-18,2026-03-20,2026-03-22,1514,Standard,Kolkata,Bike,Fashion
1440,2026-03-17,2026-03-19,2026-03-21,2026-03-21,1475,Economy,Kolkata,Refrigerated,Fashion
1441,2026-03-18,2026-03-20,2026-03-22,2026-03-25,96,Economy,Chennai,Bike,Books
1442,2026-03-19,2026-03-21,2026-03-23,2026-03-23,1306,Standard,Delhi,Van,Electronics
1443,2026-03-20,2026-03-22,2026-03-24,2026-03-27,1378,Standard,Kolkata,Truck,Books
1444,2026-03-21,2026-03-23,2026-03-25,2026-03-28,1599,Economy,Bangalore,Bike,Books
1445,2026-03-22,2026-03-24,2026-03-26,2026-03-28,1216,Standard,Mumbai,Bike,Fashion
1446,2026-03-23,2026-03-25,2026-03-27,2026-03-29,1488,Express,Mumbai,Van,Fashion
1447,2026-03-24,2026-03-26,2026-03-28,2026-03-29,1586,Standard,Mumbai,Van,Books
1448,2026-03-25,2026-03-27,2026-03-29,2026-03-31,1446,Standard,Delhi,Bike,Books
1449,2026-03-26,2026-03-28,2026-03-30,2026-03-31,1639,Express,Chennai,Refrigerated,Books
1450,2026-03-27,2026-03-29,2026-03-31,2026-04-01,1959,Express,Kolkata,Bike,Fashion
1451,2026-03-28,2026-03-30,2026-04-01,2026-04-02,1332,Economy,Bangalore,Van,Books
1452,2026-03-29,2026-03-31,2026-04-02,2026-04-03,705,Economy,Bangalore,Truck,Books
1453,2026-03-30,2026-04-01,2026-04-03,2026-04-04,520,Express,Delhi,Truck,Healthcare
1454,2026-03-31,2026-04-02,2026-04-04,2026-04-04,1020,Express,Mumbai,Refrigerated,Electronics
1455,2026-04-01,2026-04-03,2026-04-05,2026-04-07,1085,Economy,Delhi,Bike,Food
1456,2026-04-02,2026-04-04,2026-04-06,2026-04-07,1403,Standard,Chennai,Truck,Electronics
1457,2026-04-03,2026-04-05,2026-04-07,2026-04-10,785,Express,Chennai,Bike,Healthcare
1458,2026-04-04,2026-04-06,2026-04-08,2026-04-10,833,Economy,Kolkata,Van,Food
1459,2026-04-05,2026-04-07,2026-04-09,2026-04-11,1017,Standard,Kolkata,Truck,Books
1460,2026-04-06,2026-04-08,2026-04-10,2026-04-11,407,Express,Chennai,Refrigerated,Healthcare
1461,2026-04-07,2026-04-09,2026-04-11,2026-04-11,1021,Standard,Chennai,Van,Books
1462,2026-04-08,2026-04-10,2026-04-12,2026-04-13,1481,Economy,Chennai,Refrigerated,Fashion
1463,2026-04-09,2026-04-11,2026-04-13,2026-04-13,717,Express,Delhi,Van,Home Goods
1464,2026-04-10,2026-04-12,2026-04-14,2026-04-17,422,Standard,Chennai,Truck,Healthcare
1465,2026-04-11,2026-04-13,2026-04-15,2026-04-17,1081,Express,Bangalore,Refrigerated,Fashion
1466,2026-04-12,2026-04-14,2026-04-16,2026-04-19,1195,Standard,Mumbai,Refrigerated,Healthcare
1467,2026-04-13,2026-04-15,2026-04-17,2026-04-17,1421,Economy,Chennai,Van,Healthcare
1468,2026-04-14,2026-04-16,2026-04-18,2026-04-18,725,Economy,Mumbai,Refrigerated,Fashion
1469,2026-04-15,2026-04-17,2026-04-19,2026-04-22,139,Express,Delhi,Van,Food
1470,2026-04-16,2026-04-18,2026-04-20,2026-04-20,1721,Standard,Mumbai,Van,Electronics
1471,2026-04-17,2026-04-19,2026-04-21,2026-04-24,747,Express,Delhi,Van,Books
1472,2026-04-18,2026-04-20,2026-04-22,2026-04-24,1389,Express,Bangalore,Van,Healthcare
1473,2026-04-19,2026-04-21,2026-04-23,2026-04-26,1251,Standard,Delhi,Truck,Books
1474,2026-04-20,2026-04-22,2026-04-24,2026-04-26,589,Standard,Delhi,Van,Home Goods
1475,2026-04-21,2026-04-23,2026-04-25,2026-04-28,781,Standard,Kolkata,Bike,Fashion
1476,2026-04-22,2026-04-24,2026-04-26,2026-04-26,918,Economy,Chennai,Refrigerated,Books
1477,2026-04-23,2026-04-25,2026-04-27,2026-04-30,90,Express,Chennai,Bike,Fashion
1478,2026-04-24,2026-04-26,2026-04-28,2026-04-28,789,Express,Bangalore,Truck,Books
1479,2026-04-25,2026-04-27,2026-04-29,2026-05-02,1777,Economy,Bangalore,Bike,Electronics
1480,2026-04-26,2026-04-28,2026-04-30,2026-05-03,1996,Standard,Chennai,Refrigerated,Electronics
1481,2026-04-27,2026-04-29,2026-05-01,2026-05-02,551,Economy,Kolkata,Bike,Electronics
1482,2026-04-28,2026-04-30,2026-05-02,2026-05-02,1008,Economy,Chennai,Truck,Electronics
1483,2026-04-29,2026-05-01,2026-05-03,2026-05-04,1218,Economy,Kolkata,Van,Electronics
1484,2026-04-30,2026-05-02,2026-05-04,2026-05-04,1274,Express,Bangalore,Bike,Electronics
1485,2026-05-01,2026-05-03,2026-05-05,2026-05-06,978,Economy,Mumbai,Truck,Fashion
1486,2026-05-02,2026-05-04,2026-05-06,2026-05-08,1797,Express,Bangalore,Truck,Healthcare
1487,2026-05-03,2026-05-05,2026-05-07,2026-05-10,510,Express,Bangalore,Refrigerated,Books
1488,2026-05-04,2026-05-06,2026-05-08,2026-05-08,781,Express,Delhi,Refrigerated,Electronics
1489,2026-05-05,2026-05-07,2026-05-09,2026-05-09,801,Standard,Delhi,Bike,Fashion
1490,2026-05-06,2026-05-08,2026-05-10,2026-05-13,974,Express,Delhi,Van,Fashion
1491,2026-05-07,2026-05-09,2026-05-11,2026-05-11,958,Express,Delhi,Truck,Fashion
1492,2026-05-08,2026-05-10,2026-05-12,2026-05-12,1631,Standard,Kolkata,Bike,Healthcare
1493,2026-05-09,2026-05-11,2026-05-13,2026-05-14,1620,Express,Chennai,Truck,Books
1494,2026-05-10,2026-05-12,2026-05-14,2026-05-14,1326,Economy,Mumbai,Truck,Healthcare
1495,2026-05-11,2026-05-13,2026-05-15,2026-05-17,439,Economy,Bangalore,Van,Food
1496,2026-05-12,2026-05-14,2026-05-16,2026-05-18,1667,Express,Kolkata,Van,Fashion
1497,2026-05-13,2026-05-15,2026-05-17,2026-05-20,932,Standard,Mumbai,Bike,Food
1498,2026-05-14,2026-05-16,2026-05-18,2026-05-18,305,Economy,Kolkata,Van,Home Goods
1499,2026-05-15,2026-05-17,2026-05-19,2026-05-22,758,Standard,Kolkata,Van,Electronics
