route_id,origin,destination,avg_traffic_level,avg_travel_time_hr
1,Mumbai,Delhi,Severe,5
2,Chennai,Bangalore,Severe,71
3,Bangalore,Mumbai,High,20
4,Bangalore,Mumbai,Low,33
5,Bangalore,Chennai,Severe,10
6,Kolkata,Mumbai,Medium,13
7,Delhi,Chennai,High,12
8,Chennai,Chennai,Severe,47
9,Kolkata,Chennai,Medium,17
10,Chennai,Mumbai,Severe,2
11,Chennai,Chennai,Medium,64
12,Delhi,Mumbai,High,22
13,Bangalore,Chennai,Severe,31
14,Delhi,Kolkata,Severe,14
15,Kolkata,Chennai,Low,35
16,Kolkata,Delhi,High,5
17,Kolkata,Chennai,Medium,29
18,Delhi,Bangalore,Severe,60
19,Chennai,Chennai,Severe,28
20,Chennai,Delhi,Medium,70
21,Mumbai,Delhi,High,26
22,Kolkata,Mumbai,Low,4
23,Chennai,Kolkata,Low,69
24,Mumbai,Chennai,Severe,26
25,Chennai,Mumbai,Medium,21
26,Kolkata,Kolkata,Severe,35
27,Bangalore,Chennai,Medium,27
28,Kolkata,Bangalore,Low,6
29,Delhi,Chennai,High,62
30,Chennai,Delhi,Medium,10
31,Chennai,Delhi,Low,51
32,Delhi,Bangalore,Severe,7
33,Delhi,Mumbai,Medium,61
34,Bangalore,Kolkata,High,45
35,Chennai,Chennai,Severe,12
36,Chennai,Delhi,Severe,67
37,Bangalore,Mumbai,Low,48
38,Mumbai,Bangalore,Medium,4
39,Bangalore,Delhi,Severe,31
40,Kolkata,Bangalore,High,22
41,Chennai,Chennai,Medium,29
42,Delhi,Kolkata,High,63
43,Kolkata,Delhi,Severe,34
44,Chennai,Delhi,High,36
45,Bangalore,Chennai,Low,53
46,Kolkata,Mumbai,High,35
47,Chennai,Kolkata,Medium,42
48,Mumbai,Delhi,High,52
49,Mumbai,Kolkata,High,48
50,Delhi,Delhi,Low,59
51,Chennai,Kolkata,High,58
52,Mumbai,Bangalore,High,24
53,Bangalore,Delhi,Severe,49
54,Chennai,Kolkata,Severe,23
55,Bangalore,Mumbai,Medium,18
56,Bangalore,Bangalore,Severe,70
57,Mumbai,Bangalore,Severe,12
58,Chennai,Mumbai,Severe,16
59,Kolkata,Kolkata,Severe,36
60,Mumbai,Chennai,Low,34
61,Mumbai,Mumbai,Severe,17
62,Chennai,Kolkata,Low,35
63,Chennai,Mumbai,Low,67
64,Bangalore,Mumbai,Severe,41
65,Chennai,Delhi,High,29
66,Bangalore,Kolkata,Low,48
67,Mumbai,Chennai,High,40
68,Delhi,Delhi,High,71
69,Kolkata,Mumbai,Severe,21
70,Mumbai,Mumbai,Medium,2
71,Chennai,Mumbai,Severe,64
72,Kolkata,Kolkata,Medium,68
73,Delhi,Kolkata,Medium,5
74,Delhi,Delhi,Severe,59
75,Bangalore,Chennai,Severe,26
76,Kolkata,Delhi,Medium,48
77,Bangalore,Bangalore,Severe,39
78,Mumbai,Mumbai,Medium,16
79,Kolkata,Mumbai,High,64
80,Mumbai,Mumbai,Severe,22
81,Bangalore,Delhi,High,58
82,Kolkata,Delhi,Low,54
83,Bangalore,Mumbai,High,47
84,Kolkata,Delhi,High,15
85,Bangalore,Kolkata,Medium,18
86,Delhi,Kolkata,High,40
87,Bangalore,Delhi,Severe,10
88,Delhi,Mumbai,Medium,7
89,Bangalore,Delhi,Low,24
90,Kolkata,Delhi,Severe,60
91,Kolkata,Delhi,Low,47
92,Kolkata,Bangalore,High,39
93,Chennai,Kolkata,Severe,15
94,Mumbai,Chennai,Severe,63
95,Kolkata,Chennai,Low,36
96,Delhi,Bangalore,Severe,20
97,Kolkata,Delhi,Severe,31
98,Chennai,Bangalore,Severe,26
99,Delhi,Bangalore,High,41
100,Chennai,Mumbai,Low,15
