city,traffic_level,timestamp
Kolkata,High,2025-01-01 00:00:00
Kolkata,Severe,2025-01-01 01:00:00
Mumbai,Severe,2025-01-01 02:00:00
Delhi,Severe,2025-01-01 03:00:00
Bangalore,Low,2025-01-01 04:00:00
Mumbai,Low,2025-01-01 05:00:00
Mumbai,Severe,2025-01-01 06:00:00
Kolkata,Medium,2025-01-01 07:00:00
Mumbai,High,2025-01-01 08:00:00
Mumbai,High,2025-01-01 09:00:00
Mumbai,Low,2025-01-01 10:00:00
Kolkata,High,2025-01-01 11:00:00
Bangalore,Medium,2025-01-01 12:00:00
Bangalore,High,2025-01-01 13:00:00
Mumbai,Low,2025-01-01 14:00:00
Kolkata,Low,2025-01-01 15:00:00
Bangalore,Medium,2025-01-01 16:00:00
Bangalore,Medium,2025-01-01 17:00:00
Bangalore,High,2025-01-01 18:00:00
Kolkata,High,2025-01-01 19:00:00
Kolkata,Low,2025-01-01 20:00:00
Mumbai,Medium,2025-01-01 21:00:00
Chennai,Medium,2025-01-01 22:00:00
Bangalore,Medium,2025-01-01 23:00:00
Chennai,High,2025-01-02 00:00:00
Kolkata,Medium,2025-01-02 01:00:00
Kolkata,Low,2025-01-02 02:00:00
Kolkata,Low,2025-01-02 03:00:00
Chennai,High,2025-01-02 04:00:00
Kolkata,Severe,2025-01-02 05:00:00
Mumbai,High,2025-01-02 06:00:00
Kolkata,Severe,2025-01-02 07:00:00
Delhi,Medium,2025-01-02 08:00:00
Chennai,High,2025-01-02 09:00:00
Delhi,Low,2025-01-02 10:00:00
Kolkata,Medium,2025-01-02 11:00:00
Mumbai,Low,2025-01-02 12:00:00
Bangalore,Medium,2025-01-02 13:00:00
Kolkata,High,2025-01-02 14:00:00
Mumbai,Severe,2025-01-02 15:00:00
Chennai,Medium,2025-01-02 16:00:00
Delhi,Severe,2025-01-02 17:00:00
Delhi,Medium,2025-01-02 18:00:00
Delhi,Low,2025-01-02 19:00:00
Chennai,Low,2025-01-02 20:00:00
Mumbai,Medium,2025-01-02 21:00:00
Chennai,Severe,2025-01-02 22:00:00
Delhi,High,2025-01-02 23:00:00
Kolkata,High,2025-01-03 00:00:00
Bangalore,Low,2025-01-03 01:00:00
