vehicle_id,vehicle_type,max_load_kg,fuel_efficiency_kmpl
1,Bike,428,10.83
2,Truck,1061,17.31
3,Bike,562,15.38
4,Truck,1045,16.2
5,Refrigerated,1062,14.15
6,Refrigerated,935,6.02
7,Truck,268,12.27
8,Truck,316,19.74
9,Refrigerated,477,18.94
10,Bike,218,3.73
11,Refrigerated,289,5.8
12,Bike,866,5.24
13,Truck,469,15.34
14,Truck,248,16.9
15,Bike,751,6.63
16,Truck,869,11.6
17,Bike,473,17.29
18,Van,880,15.46
19,Refrigerated,259,12.22
20,Van,450,13.04
21,Bike,1411,11.64
22,Refrigerated,1411,8.06
23,Bike,991,12.61
24,Refrigerated,1349,14.71
25,Refrigerated,622,17.85
26,Refrigerated,621,13.82
27,Refrigerated,882,15.94
28,Bike,372,5.72
29,Refrigerated,1035,10.85
30,Refrigerated,282,3.16
31,Van,587,7.19
32,Truck,945,15.35
33,Truck,223,19.86
34,Van,1084,4.69
35,Van,889,9.83
36,Bike,513,16.6
37,Bike,1295,6.47
38,Bike,1411,12.44
39,Van,785,15.46
40,Van,212,13.47
41,Refrigerated,987,6.2
42,Bike,221,9.04
43,Bike,1345,16.32
44,Bike,138,12.42
45,Truck,596,3.09
46,Refrigerated,879,15.94
47,Bike,1356,3.6
48,Bike,1042,15.68
49,Bike,248,6.44
50,Truck,1121,19.29
