date,city,weather_condition
2025-01-01,Delhi,Storm
2025-01-02,Mumbai,Clear
2025-01-03,Bangalore,Rain
2025-01-04,Bangalore,Clear
2025-01-05,Bangalore,Cloudy
2025-01-06,Delhi,Fog
2025-01-07,Bangalore,Fog
2025-01-08,Mumbai,Clear
2025-01-09,Chennai,Storm
2025-01-10,Chennai,Rain
2025-01-11,Kolkata,Fog
2025-01-12,Mumbai,Cloudy
2025-01-13,Bangalore,Cloudy
2025-01-14,Chennai,Storm
2025-01-15,Mumbai,Fog
2025-01-16,Chennai,Clear
2025-01-17,Bangalore,Cloudy
2025-01-18,Chennai,Storm
2025-01-19,Kolkata,Fog
2025-01-20,Kolkata,Fog
2025-01-21,Chennai,Fog
2025-01-22,Mumbai,Fog
2025-01-23,Mumbai,Fog
2025-01-24,Mumbai,Cloudy
2025-01-25,Chennai,Storm
2025-01-26,Mumbai,Fog
2025-01-27,Bangalore,Rain
2025-01-28,Kolkata,Rain
2025-01-29,Bangalore,Storm
2025-01-30,Mumbai,Clear
2025-01-31,Bangalore,Clear
2025-02-01,Mumbai,Clear
2025-02-02,Chennai,Rain
2025-02-03,Bangalore,Clear
2025-02-04,Chennai,Cloudy
2025-02-05,Chennai,Fog
2025-02-06,Delhi,Rain
2025-02-07,Mumbai,Storm
2025-02-08,Kolkata,Storm
2025-02-09,Mumbai,Fog
2025-02-10,Kolkata,Rain
2025-02-11,Mumbai,Clear
2025-02-12,Chennai,Clear
2025-02-13,Bangalore,Cloudy
2025-02-14,Bangalore,Cloudy
2025-02-15,Delhi,Clear
2025-02-16,Kolkata,Storm
2025-02-17,Kolkata,Storm
2025-02-18,Kolkata,Cloudy
2025-02-19,Chennai,Fog
2025-02-20,Kolkata,Clear
2025-02-21,Bangalore,Cloudy
2025-02-22,Chennai,Cloudy
2025-02-23,Mumbai,Clear
2025-02-24,Kolkata,Clear
2025-02-25,Kolkata,Storm
2025-02-26,Mumbai,Fog
2025-02-27,Kolkata,Fog
2025-02-28,Mumbai,Clear
2025-03-01,Chennai,Rain
